[
  {
    "id": 1092122212,
    "idsocio": "221",
    "socio":"Jorge Gonzalez Lopez",
    "producto": "Agropecuario",
    "estatus": "001",
    "destatus": "Activa",
    "sinicial": "$ 1,000,000.00",
    "finicial": "08/Sep/2021",
    "sfinal": "$ 1,001,000.00",
    "ffinal": "08/Sep/2021"
  },
  {
    "id": 1092122213,
    "idsocio": "221",
    "socio":"Jorge Gonzalez Lopez",
    "producto": "Agropecuario",
    "estatus": "001",
    "destatus": "Activa",
    "sinicial": "$ 1,000,000.00",
    "finicial": "08/Sep/2021",
    "sfinal": "$ 1,001,000.00",
    "ffinal": "08/Sep/2021"
  },
  {
    "id": 1092122214,
    "idsocio": "221",
    "socio":"Jorge Gonzalez Lopez",
    "producto": "Agropecuario",
    "estatus": "001",
    "destatus": "Activa",
    "sinicial": "$ 1,000,000.00",
    "finicial": "08/Sep/2021",
    "sfinal": "$ 1,001,000.00",
    "ffinal": "08/Sep/2021"
  }
]
