[
    {   "id":1,
        "representante": "Wilder Gonzales",
        "category": "male",
        "company": "Grupo Carso"
    },
    {   "id":2,
        "representante": "Georgina Schultz",
        "category": "female",
        "company": "JBS Friboi"
    },
    {   "id":3,
        "representante": "Carroll Buchanan",
        "category": "male",
        "company": "Grupo TECHINT"
    },
    {   "id":4,
        "representante": "Valarie Atkinson",
        "category": "female",
        "company": "Grupo Itaúsa"
    },
    {   "id":5,
        "representante": "Schroeder Mathews",
        "category": "male",
        "company": "Grupo Financiero Banorte"
    },
    {   "id":6,
        "representante": "Lynda Mendoza",
        "category": "female",
        "company": "Dogspa"
    },
    {   "id":7,
        "representante": "Sarah Massey",
        "category": "female",
        "company": "Bisba"
    },
    {   "id":8,
        "representante": "Robles Boyle",
        "category": "male",
        "company": "Comtract"
    },
    {   "id":9,
        "representante": "Evans Hickman",
        "category": "male",
        "company": "Parleynet"
    },
    {   "id":10,
        "representante": "Dawson Barber",
        "category": "male",
        "company": "Dymi"
    },
    {   "id":11,
        "representante": "Bruce Strong",
        "category": "male",
        "company": "Xyqag"
    },
    {   "id":12,
        "representante": "Nellie Whitfield",
        "category": "female",
        "company": "Exospace"
    },
    {   "id":13,
        "representante": "Jackson Macias",
        "category": "male",
        "company": "Aquamate"
    },
    {   "id":14,
        "representante": "Pena Pena",
        "category": "male",
        "company": "Quarx"
    },
    {   "id":15,
        "representante": "Lelia Gates",
        "category": "female",
        "company": "Proxsoft"
    },
    {   "id":16,
        "representante": "Letitia Vasquez",
        "category": "female",
        "company": "Slumberia"
    },
    {   "id":17,
        "representante": "Trevino Moreno",
        "category": "male",
        "company": "Conjurica"
    },
    {   "id":18,
        "representante": "Barr Page",
        "category": "male",
        "company": "Bos"
    },
    {   "id":19,
        "representante": "Kirkland Merrill",
        "category": "male",
        "company": "Utara"
    },
    {   "id":20,
        "representante": "Blanche Conley",
        "category": "female",
        "company": "Imkan"
    }    
]
