[
  {
    "id": 10928762212,
    "cuenta": "Cuenta Basica",
    "nombre": "Luis Miguel Medina Lopez",
    "tipo": "Debito",
    "moneda":"MXN",
    "producto": "Automotriz"
  },
  {
    "id": 10976822212,
    "cuenta": "Cuenta Basica",
    "nombre": "Marco Antonio Medina Lopez",
    "tipo": "Debito",
    "moneda":"MXN",
    "producto": "Roble"
  },
  {
    "id": 1043122212,
    "cuenta": "Cuenta Basica",
    "nombre": "Demian Mael Medina Martinez",
    "tipo": "Debito",
    "moneda":"MXN",
    "producto": "Agropecuario"
  }

]