[
    {
        "id": 0,
        "nombre": "Benjamin Guadarrama García",
        "genero": "Hombre",
        "edad": 52,
        "address": {
            "estado": "South Carolina",
            "ciudad": "Glendale"
        }
    },
    {
        "id": 1,
        "nombre": "Jesus Villaseñor",
        "genero": "Hombre",
        "edad": 70,
        "address": {
            "estado": "Colorado",
            "ciudad": "Denver"
        }
    },
    {
        "id": 2,
        "nombre": "Mabel David",
        "genero": "Mujer",
        "edad": 52,
        "address": {
            "estado": "New Mexico",
            "ciudad": "Grazierville"
        }
    },
    {
        "id": 3,
        "nombre": "Frank Bradford",
        "genero": "Hombre",
        "edad": 61,
        "address": {
            "estado": "Wisconsin",
            "ciudad": "Saranap"
        }
    },
    {
        "id": 4,
        "nombre": "Forbes Levine",
        "genero": "Hombre",
        "edad": 34,
        "address": {
            "estado": "Vermont",
            "ciudad": "Norris"
        }
    },
    {
        "id": 5,
        "nombre": "Santiago Mcclain",
        "genero": "Hombre",
        "edad": 38,
        "address": {
            "estado": "Montana",
            "ciudad": "Bordelonville"
        }
    },
    {
        "id": 6,
        "nombre": "Merritt Booker",
        "genero": "Hombre",
        "edad": 33,
        "address": {
            "estado": "New Jersey",
            "ciudad": "Aguila"
        }
    },
    {
        "id": 7,
        "nombre": "Oconnor Wade",
        "genero": "Hombre",
        "edad": 18,
        "address": {
            "estado": "Virginia",
            "ciudad": "Kenmar"
        }
    },
    {
        "id": 8,
        "nombre": "Leigh Beasley",
        "genero": "Mujer",
        "edad": 53,
        "address": {
            "estado": "Texas",
            "ciudad": "Alfarata"
        }
    },
    {
        "id": 9,
        "nombre": "Johns Wood",
        "genero": "Hombre",
        "edad": 52,
        "address": {
            "estado": "Maine",
            "ciudad": "Witmer"
        }
    },
    {
        "id": 10,
        "nombre": "Thompson Hays",
        "genero": "Hombre",
        "edad": 38,
        "address": {
            "estado": "Nevada",
            "ciudad": "Kipp"
        }
    },
    {
        "id": 11,
        "nombre": "Hallie Mack",
        "genero": "Mujer",
        "edad": 19,
        "address": {
            "estado": "Minnesota",
            "ciudad": "Darrtown"
        }
    },
    {
        "id": 12,
        "nombre": "Houston Santos",
        "genero": "Hombre",
        "edad": 24,
        "address": {
            "estado": "Georgia",
            "ciudad": "Crucible"
        }
    },
    {
        "id": 13,
        "nombre": "Brandy Savage",
        "genero": "Mujer",
        "edad": 65,
        "address": {
            "estado": "Idaho",
            "ciudad": "Nord"
        }
    },
    {
        "id": 14,
        "nombre": "Finch Barnett",
        "genero": "Hombre",
        "edad": 22,
        "address": {
            "estado": "Ohio",
            "ciudad": "Osmond"
        }
    },
    {
        "id": 15,
        "nombre": "Nicole Crosby",
        "genero": "Mujer",
        "edad": 77,
        "address": {
            "estado": "Kentucky",
            "ciudad": "Fairfield"
        }
    },
    {
        "id": 16,
        "nombre": "Carrie Mcconnell",
        "genero": "Mujer",
        "edad": 26,
        "address": {
            "estado": "South Dakota",
            "ciudad": "Waikele"
        }
    },
    {
        "id": 17,
        "nombre": "Ann James",
        "genero": "Mujer",
        "edad": 37,
        "address": {
            "estado": "North Dakota",
            "ciudad": "Siglerville"
        }
    },
    {
        "id": 18,
        "nombre": "Becky Sanford",
        "genero": "Mujer",
        "edad": 48,
        "address": {
            "estado": "Massachusetts",
            "ciudad": "Celeryville"
        }
    },
    {
        "id": 19,
        "nombre": "Kathryn Rios",
        "genero": "Mujer",
        "edad": 39,
        "address": {
            "estado": "Delaware",
            "ciudad": "Kylertown"
        }
    },
    {
        "id": 20,
        "nombre": "Dotson Vaughn",
        "genero": "Hombre",
        "edad": 68,
        "address": {
            "estado": "Arkansas",
            "ciudad": "Monument"
        }
    },
    {
        "id": 21,
        "nombre": "Wright Kline",
        "genero": "Hombre",
        "edad": 41,
        "address": {
            "estado": "Missouri",
            "ciudad": "Bynum"
        }
    },
    {
        "id": 22,
        "nombre": "Lula Morgan",
        "genero": "Mujer",
        "edad": 52,
        "address": {
            "estado": "Oregon",
            "ciudad": "Mapletown"
        }
    },
    {
        "id": 23,
        "nombre": "Kay Mendez",
        "genero": "Mujer",
        "edad": 50,
        "address": {
            "estado": "Michigan",
            "ciudad": "Twilight"
        }
    },
    {
        "id": 24,
        "nombre": "Mona Maddox",
        "genero": "Mujer",
        "edad": 35,
        "address": {
            "estado": "Wyoming",
            "ciudad": "Wilmington"
        }
    },
    {
        "id": 25,
        "nombre": "Fulton Velez",
        "genero": "Hombre",
        "edad": 66,
        "address": {
            "estado": "Colorado",
            "ciudad": "Loretto"
        }
    },
    {
        "id": 26,
        "nombre": "Ericka Craft",
        "genero": "Mujer",
        "edad": 80,
        "address": {
            "estado": "Nebraska",
            "ciudad": "Beaulieu"
        }
    },
    {
        "id": 27,
        "nombre": "Richmond Rodriguez",
        "genero": "Hombre",
        "edad": 62,
        "address": {
            "estado": "Rhode Island",
            "ciudad": "Vallonia"
        }
    },
    {
        "id": 28,
        "nombre": "Olsen Farmer",
        "genero": "Hombre",
        "edad": 45,
        "address": {
            "estado": "Connecticut",
            "ciudad": "Romeville"
        }
    },
    {
        "id": 29,
        "nombre": "Sophie Austin",
        "genero": "Mujer",
        "edad": 59,
        "address": {
            "estado": "New Hampshire",
            "ciudad": "Gorst"
        }
    },
    {
        "id": 30,
        "nombre": "Alta Olsen",
        "genero": "Mujer",
        "edad": 58,
        "address": {
            "estado": "Florida",
            "ciudad": "Drytown"
        }
    },
    {
        "id": 31,
        "nombre": "Katherine Chavez",
        "genero": "Mujer",
        "edad": 20,
        "address": {
            "estado": "Mississippi",
            "ciudad": "Trucksville"
        }
    },
    {
        "id": 32,
        "nombre": "Yvette Myers",
        "genero": "Mujer",
        "edad": 69,
        "address": {
            "estado": "Washington",
            "ciudad": "Bangor"
        }
    },
    {
        "id": 33,
        "nombre": "Nguyen Dean",
        "genero": "Hombre",
        "edad": 58,
        "address": {
            "estado": "Alaska",
            "ciudad": "Caroline"
        }
    },
    {
        "id": 34,
        "nombre": "Lauri Irwin",
        "genero": "Mujer",
        "edad": 23,
        "address": {
            "estado": "Hawaii",
            "ciudad": "Takilma"
        }
    },
    {
        "id": 35,
        "nombre": "David Mclean",
        "genero": "Hombre",
        "edad": 49,
        "address": {
            "estado": "Louisiana",
            "ciudad": "Harviell"
        }
    },
    {
        "id": 36,
        "nombre": "Tisha Cotton",
        "genero": "Mujer",
        "edad": 78,
        "address": {
            "estado": "Illinois",
            "ciudad": "Camas"
        }
    },
    {
        "id": 37,
        "nombre": "Eliza Conrad",
        "genero": "Mujer",
        "edad": 82,
        "address": {
            "estado": "Utah",
            "ciudad": "Gwynn"
        }
    },
    {
        "id": 38,
        "nombre": "Bolton Cooley",
        "genero": "Hombre",
        "edad": 44,
        "address": {
            "estado": "Oklahoma",
            "ciudad": "Glidden"
        }
    },
    {
        "id": 39,
        "nombre": "Crosby Osborn",
        "genero": "Hombre",
        "edad": 44,
        "address": {
            "estado": "Alabama",
            "ciudad": "Buxton"
        }
    },
    {
        "id": 40,
        "nombre": "Reese Tran",
        "genero": "Hombre",
        "edad": 53,
        "address": {
            "estado": "Maryland",
            "ciudad": "Kempton"
        }
    },
    {
        "id": 41,
        "nombre": "Evangeline Larson",
        "genero": "Mujer",
        "edad": 49,
        "address": {
            "estado": "Pennsylvania",
            "ciudad": "Mayfair"
        }
    },
    {
        "id": 42,
        "nombre": "Jimenez Frazier",
        "genero": "Hombre",
        "edad": 23,
        "address": {
            "estado": "California",
            "ciudad": "Ronco"
        }
    },
    {
        "id": 43,
        "nombre": "Conner Tate",
        "genero": "Hombre",
        "edad": 39,
        "address": {
            "estado": "West Virginia",
            "ciudad": "Eastvale"
        }
    },
    {
        "id": 44,
        "nombre": "Avery Rosales",
        "genero": "Hombre",
        "edad": 71,
        "address": {
            "estado": "Tennessee",
            "ciudad": "Cascades"
        }
    },
    {
        "id": 45,
        "nombre": "Burris Marquez",
        "genero": "Hombre",
        "edad": 32,
        "address": {
            "estado": "North Carolina",
            "ciudad": "Chamizal"
        }
    },
    {
        "id": 46,
        "nombre": "Hoover Cardenas",
        "genero": "Hombre",
        "edad": 65,
        "address": {
            "estado": "Kansas",
            "ciudad": "Joes"
        }
    },
    {
        "id": 47,
        "nombre": "Moran Gomez",
        "genero": "Hombre",
        "edad": 40,
        "address": {
            "estado": "New York",
            "ciudad": "Knowlton"
        }
    },
    {
        "id": 48,
        "nombre": "Boyd Juarez",
        "genero": "Hombre",
        "edad": 33,
        "address": {
            "estado": "Iowa",
            "ciudad": "Hemlock"
        }
    },
    {
        "id": 49,
        "nombre": "John Mooney",
        "genero": "Mujer",
        "edad": 73,
        "address": {
            "estado": "Rhode Island",
            "ciudad": "Gardners"
        }
    },
    {
        "id": 50,
        "nombre": "Avery Crawford",
        "genero": "Hombre",
        "edad": 39,
        "address": {
            "estado": "Hawaii",
            "ciudad": "Woodruff"
        }
    }    
]
